"Gene_ID","Slyc_P3_m_1","Slyc_P3_m_2","Slyc_P3_m_3","Slyc_P4_d_1","Slyc_P4_d_2","Slyc_P4_d_3","Slyc_P4_p_1","Slyc_P4_p_2","Slyc_P4_p_3","Slyc_P5_d_1","Slyc_P5_d_2","Slyc_P5_d_3","Slyc_P5_p_1","Slyc_P5_p_2","Slyc_P5_p_3","Slyc_P6_d_1","Slyc_P6_d_2","Slyc_P6_d_3","Slyc_P6_p_1","Slyc_P6_p_2","Slyc_P6_p_3","Spen_P3_m_1","Spen_P3_m_2","Spen_P3_m_3","Spen_P4_d_1","Spen_P4_d_2","Spen_P4_d_3","Spen_P4_p_1","Spen_P4_p_2","Spen_P4_p_3","Spen_P5_d_1","Spen_P5_d_2","Spen_P5_d_3","Spen_P5_p_1","Spen_P5_p_2","Spen_P5_p_3","Spen_P6_d_1","Spen_P6_d_2","Spen_P6_d_3","Spen_P6_p_1","Spen_P6_p_2","Spen_P6_p_3","Shab_P3_m_1","Shab_P3_m_2","Shab_P3_m_3","Shab_P4_d_1","Shab_P4_d_2","Shab_P4_d_3","Shab_P4_p_1","Shab_P4_p_2","Shab_P4_p_3","Shab_P5_d_1","Shab_P5_d_2","Shab_P5_d_3","Shab_P5_p_1","Shab_P5_p_2","Shab_P5_p_3","Shab_P6_d_1","Shab_P6_d_2","Shab_P6_d_3","Shab_P6_p_1","Shab_P6_p_2","Shab_P6_p_3"
"Solyc00g007130.2.1",1,NA,2,1,4,3,4,3,2,3,4,1,6,3,2,2,3,3,3,1,2,NA,1,2,NA,1,NA,3,NA,NA,NA,NA,1,1,NA,1,1,NA,1,2,2,NA,3,2,3,3,1,2,2,NA,1,1,NA,1,1,NA,1,2,1,1,2,1,1
"Solyc00g007200.2.1",26,20,22,21,33,21,28,24,23,27,33,9,30,31,23,33,28,43,35,23,25,28,18,36,20,16,27,31,25,29,20,11,24,37,15,35,23,16,12,17,8,32,35,19,24,13,24,19,15,19,17,11,16,28,28,21,20,13,14,8,16,17,26
"Solyc00g311230.2.1",11,5,7,4,2,3,6,3,5,5,3,1,2,4,5,6,NA,3,11,2,NA,11,7,10,7,7,9,7,5,12,4,4,4,9,2,1,3,2,1,2,2,4,11,6,6,2,8,4,1,1,7,5,2,6,5,5,4,3,NA,6,6,5,6
"Solyc00g323130.2.1",4,NA,3,NA,NA,1,2,4,1,10,NA,2,10,3,1,21,8,13,7,5,4,3,NA,1,NA,NA,1,NA,NA,NA,1,NA,1,4,1,2,NA,2,NA,2,NA,NA,14,5,1,2,3,NA,5,5,NA,NA,2,3,4,8,NA,8,4,4,10,5,5
"Solyc01g005060.2.1",26,11,9,15,20,8,15,12,21,6,7,1,16,19,13,13,3,9,13,10,6,15,5,8,8,4,3,10,13,9,10,2,7,13,6,9,13,7,3,10,4,8,29,17,18,8,2,3,15,8,15,3,6,8,10,15,8,9,5,4,16,7,5
"Solyc01g005300.2.1",123,159,161,106,154,117,108,185,145,109,173,45,171,209,107,111,82,87,118,124,76,58,52,95,38,29,86,60,54,68,74,28,54,120,41,69,68,83,47,82,36,90,99,64,98,123,73,80,55,76,116,91,81,94,95,72,98,79,43,77,118,86,99
"Solyc01g014470.1.1",NA,NA,NA,3,1,1,1,2,NA,1,1,NA,1,3,NA,1,2,1,1,NA,NA,NA,NA,2,NA,NA,1,NA,NA,1,NA,NA,NA,1,NA,NA,NA,1,1,2,NA,1,NA,NA,NA,NA,NA,NA,NA,NA,NA,NA,NA,NA,NA,NA,NA,NA,NA,NA,1,NA,NA
"Solyc01g067030.2.1",1,2,5,3,8,4,3,2,2,3,1,NA,7,3,2,8,2,2,5,3,2,2,2,NA,2,1,NA,2,2,1,1,1,1,3,1,2,NA,NA,1,NA,NA,NA,NA,1,NA,NA,NA,NA,NA,NA,NA,NA,NA,NA,NA,NA,NA,NA,NA,NA,NA,NA,NA
"Solyc01g079260.2.1",25,17,24,8,12,6,11,8,11,18,20,8,17,9,11,18,12,12,11,10,23,2,10,23,5,3,14,11,7,20,8,6,6,11,4,10,9,9,8,2,22,9,10,5,13,3,6,5,6,16,12,3,26,17,9,13,16,4,6,20,9,26,8
"Solyc01g079980.2.1",22,13,15,6,6,13,24,22,15,23,22,6,29,22,11,39,23,22,32,15,14,11,6,6,11,3,16,12,6,16,9,6,12,14,6,19,4,7,5,4,5,6,11,5,2,1,1,1,4,4,5,2,1,1,4,3,5,2,NA,1,6,3,1
"Solyc01g080570.2.1",NA,NA,NA,NA,2,1,NA,NA,NA,NA,NA,NA,1,2,NA,NA,NA,2,NA,1,NA,NA,NA,NA,NA,NA,NA,NA,NA,NA,NA,NA,NA,1,NA,NA,NA,NA,NA,NA,NA,NA,3,2,2,2,NA,2,1,1,3,NA,NA,1,1,NA,2,NA,NA,NA,NA,1,NA
"Solyc01g081570.2.1",97,84,66,40,55,32,45,68,50,64,25,12,77,61,42,125,64,89,70,67,42,70,82,116,94,89,138,111,90,107,173,142,177,172,158,308,159,244,230,166,169,272,85,51,77,39,27,31,29,50,70,48,48,58,72,62,70,98,106,106,91,55,81
"Solyc01g088130.2.1",2,2,2,2,1,2,2,1,3,3,2,NA,3,NA,1,1,1,2,4,1,1,NA,NA,NA,NA,1,2,NA,1,2,2,NA,NA,2,NA,1,NA,NA,NA,NA,NA,1,4,NA,NA,3,2,NA,4,6,1,2,NA,NA,2,NA,NA,1,1,3,2,1,3
"Solyc01g088250.2.1",35,14,12,21,30,11,22,22,23,54,28,12,44,41,26,73,38,51,123,55,60,8,12,10,9,10,8,43,44,17,17,10,8,62,25,20,22,36,17,25,32,26,20,9,9,9,13,6,7,9,11,17,13,12,38,32,36,32,29,14,78,53,50
"Solyc01g090800.2.1",11,4,4,NA,3,NA,2,3,NA,18,1,NA,8,NA,NA,1,2,1,3,5,2,21,19,25,NA,2,3,10,4,19,1,NA,1,6,1,22,2,NA,1,1,1,7,13,12,9,3,3,NA,3,6,4,NA,2,1,4,8,NA,6,2,3,6,2,6
"Solyc01g091140.2.1",8,2,5,3,6,3,7,6,6,5,4,NA,7,6,4,7,2,1,8,NA,2,1,1,NA,4,3,NA,1,3,1,1,1,2,3,3,4,2,4,3,NA,1,1,3,NA,2,4,1,1,4,2,3,3,3,1,2,3,3,7,2,7,4,5,1
"Solyc01g095450.2.1",16,16,12,11,9,7,8,22,5,30,4,8,23,5,8,40,32,27,29,17,8,50,38,70,78,63,80,81,82,74,36,19,45,118,56,123,20,8,19,24,9,36,42,8,11,29,23,5,9,14,12,35,29,22,34,28,20,104,82,55,74,49,37
"Solyc01g096260.2.1",10,8,7,3,13,8,22,8,13,8,4,4,10,8,13,9,10,17,23,15,33,7,18,34,3,8,5,13,18,20,4,4,3,14,7,20,1,7,7,12,7,24,16,9,5,5,2,1,14,12,12,6,4,12,9,11,16,4,1,2,23,20,27
"Solyc01g096280.1.1",13,4,1,2,6,NA,13,9,3,11,1,2,18,5,NA,3,1,NA,2,5,1,17,31,16,4,6,1,53,19,9,1,1,1,4,NA,NA,1,4,3,1,NA,1,55,19,29,9,7,1,23,28,9,1,4,1,32,28,12,4,1,NA,12,10,7
"Solyc01g099340.2.1",19,7,16,6,9,5,12,6,16,12,7,2,17,11,10,2,4,11,7,10,13,10,17,16,6,7,17,11,15,16,5,10,13,14,6,31,10,27,20,8,15,20,12,13,10,7,10,8,4,14,18,6,7,12,12,13,19,10,17,14,13,8,11
"Solyc01g102310.2.1",92,74,36,114,118,93,121,136,91,165,124,36,151,121,73,183,72,121,172,105,88,120,199,167,284,276,369,322,276,256,343,337,420,368,333,497,487,579,614,427,448,553,95,38,19,64,60,52,47,52,59,87,97,93,98,87,99,119,117,105,163,89,130
"Solyc01g104400.2.1",47,34,24,28,20,18,36,20,16,34,22,4,50,25,20,60,19,25,32,9,9,33,26,33,17,6,8,38,11,28,5,3,2,29,6,10,2,7,1,1,3,5,86,24,76,76,47,44,64,47,56,47,38,27,63,55,47,32,20,24,53,44,28
"Solyc01g104720.2.1",3,3,3,7,3,5,6,8,5,3,7,3,16,6,5,17,8,10,5,8,5,2,NA,NA,1,NA,NA,NA,1,1,NA,1,1,15,NA,NA,2,8,2,NA,3,NA,9,6,6,10,12,4,7,11,10,10,19,13,14,18,16,25,43,24,23,20,13
"Solyc01g105500.2.1",5,3,3,8,13,9,5,3,6,2,1,2,6,7,4,6,2,10,3,3,9,NA,1,NA,5,2,3,NA,NA,1,2,NA,1,NA,NA,1,NA,NA,3,1,NA,NA,1,1,1,NA,3,NA,NA,2,NA,NA,2,2,3,NA,1,NA,NA,NA,2,NA,NA
"Solyc01g105720.2.1",64,50,69,44,70,75,54,117,96,47,50,14,89,94,66,51,36,46,75,64,57,54,60,55,80,90,87,76,78,72,78,63,98,125,91,101,54,95,74,59,66,113,122,60,155,55,74,67,70,112,162,59,73,96,129,106,148,61,41,75,104,103,142
"Solyc01g105940.2.1",9,7,4,4,2,2,5,1,1,3,1,1,6,2,6,3,3,7,4,3,8,NA,NA,NA,NA,NA,NA,NA,NA,NA,NA,NA,NA,2,1,NA,NA,NA,NA,NA,NA,NA,NA,NA,NA,NA,2,NA,NA,NA,1,NA,2,2,1,NA,NA,1,3,2,1,1,1
"Solyc01g107370.2.1",2,7,NA,7,4,1,3,8,1,10,NA,NA,6,NA,NA,31,6,NA,11,4,NA,17,25,24,77,39,44,57,32,30,19,10,20,80,25,80,NA,3,3,16,3,20,10,3,6,41,22,13,7,5,10,44,33,28,25,12,13,98,60,65,61,48,39
"Solyc01g107670.2.1",57,26,34,29,24,23,33,29,35,32,23,8,48,27,27,12,6,16,46,15,18,18,12,29,20,13,8,25,17,25,5,6,8,22,13,16,5,19,7,14,10,14,50,18,21,23,11,9,13,30,28,20,11,18,28,24,25,13,5,10,26,17,16
"Solyc01g109180.2.1",137,95,97,182,194,143,127,209,159,206,132,52,333,163,113,210,157,233,152,166,137,183,196,199,138,154,209,260,173,225,92,79,91,340,130,259,186,119,51,86,106,92,224,103,141,200,225,190,166,192,221,121,169,185,250,198,201,192,224,164,262,183,253
"Solyc01g109270.2.1",16,18,16,16,18,27,31,37,44,22,32,7,29,55,49,17,12,13,42,37,39,12,8,13,1,8,5,13,12,13,1,4,2,25,8,11,4,6,1,4,6,3,23,20,27,12,13,15,13,27,32,16,18,21,36,50,44,13,14,9,25,22,24
"Solyc01g110700.2.1",NA,4,3,NA,NA,3,NA,1,3,3,2,1,2,6,NA,4,2,1,4,NA,1,1,2,1,1,1,3,1,1,1,3,1,1,2,NA,2,3,2,1,NA,2,NA,2,1,1,2,3,1,4,2,4,3,1,1,NA,5,1,1,NA,1,3,1,1
"Solyc01g111880.2.1",20,84,56,25,96,73,38,104,81,27,79,68,78,92,61,53,193,454,41,161,212,42,49,159,32,76,313,48,67,238,68,173,328,250,179,476,98,305,426,99,254,482,65,70,162,115,118,200,61,83,228,106,172,295,146,161,304,228,305,520,240,259,545
"Solyc02g020940.2.1",66,252,51,191,203,216,268,443,94,289,222,103,184,157,111,469,337,441,194,179,140,152,200,164,1013,1184,1237,433,568,393,2095,1977,1465,1857,1461,1225,2994,1515,1361,1543,2236,1779,114,62,74,245,185,151,69,86,101,492,447,400,164,135,151,711,600,840,557,360,404
"Solyc02g021340.2.1",9,7,9,13,5,4,7,7,5,9,5,2,12,8,3,11,8,14,5,4,4,9,5,5,6,3,2,5,4,5,3,4,6,19,7,7,5,7,1,5,3,11,29,16,23,18,17,11,6,17,24,21,15,21,13,13,28,36,27,19,27,12,17
"Solyc02g021410.2.1",NA,3,4,1,2,2,1,2,1,NA,3,2,3,1,1,4,3,2,2,1,2,NA,1,NA,1,1,NA,NA,1,3,NA,2,NA,1,NA,NA,NA,NA,1,NA,NA,NA,NA,NA,NA,NA,1,NA,1,1,NA,1,NA,NA,1,NA,2,NA,1,1,1,1,1
"Solyc02g030450.2.1",52,40,49,25,51,48,45,43,61,39,34,11,41,51,27,38,33,28,38,30,30,36,25,36,14,8,24,24,29,22,2,3,4,36,20,16,5,8,5,5,2,5,57,48,57,41,37,14,37,41,52,32,26,40,48,47,38,25,11,17,39,27,27
"Solyc02g032210.1.1",3,1,1,1,NA,NA,NA,NA,NA,1,NA,NA,1,NA,NA,1,NA,NA,NA,1,NA,NA,1,NA,NA,NA,NA,NA,NA,NA,NA,NA,NA,NA,NA,NA,NA,NA,NA,NA,NA,1,1,NA,NA,NA,NA,NA,2,1,NA,NA,NA,1,1,NA,NA,NA,NA,1,1,NA,2
"Solyc02g037550.2.1",5,NA,NA,NA,NA,1,1,3,4,NA,NA,NA,2,NA,NA,1,NA,NA,NA,NA,NA,1,NA,NA,1,NA,NA,NA,NA,NA,NA,6,1,NA,1,NA,6,11,6,1,11,1,NA,NA,NA,NA,NA,NA,NA,NA,NA,NA,NA,NA,NA,NA,NA,1,1,2,NA,NA,NA
"Solyc02g062040.2.1",8,6,8,7,4,6,5,3,2,5,10,1,8,7,6,3,4,4,2,1,5,2,3,4,6,1,3,3,3,4,4,1,NA,6,NA,1,3,1,NA,2,1,NA,7,2,2,4,2,2,2,4,1,1,NA,2,NA,2,3,2,NA,NA,1,1,NA
"Solyc02g063030.2.1",144,97,96,81,87,46,122,109,105,103,65,34,137,90,79,203,106,168,162,89,97,121,92,92,210,179,152,152,165,111,226,241,241,336,271,436,283,269,197,190,227,207,129,44,37,53,36,28,46,32,31,59,61,70,74,53,47,127,146,89,137,55,68
"Solyc02g064720.2.1",10,15,13,2,12,1,7,16,11,18,2,NA,12,6,8,10,6,13,9,17,17,24,37,65,7,34,28,34,66,87,12,12,20,49,53,89,18,26,19,20,38,63,57,35,62,14,35,37,43,80,117,11,37,44,44,84,106,34,48,34,84,85,88
"Solyc02g067050.2.1",28,194,171,50,257,363,102,247,158,73,244,209,79,152,219,279,498,812,108,278,373,42,33,52,164,302,432,46,161,111,545,935,579,586,534,369,1006,1054,837,605,1366,1367,30,38,129,86,107,244,20,30,155,239,276,512,58,51,224,342,369,855,306,252,595
"Solyc02g069390.1.1",46,37,46,9,24,18,27,52,47,17,11,4,41,41,25,8,4,4,12,20,17,29,14,37,3,5,2,9,7,9,1,1,NA,8,8,7,1,2,NA,2,3,6,38,36,35,9,10,6,17,24,43,5,4,3,25,16,16,7,4,7,6,10,12
"Solyc02g071980.2.1",23,27,35,18,28,25,33,27,36,23,24,8,44,20,15,27,17,26,25,19,23,15,16,32,22,12,29,25,28,37,19,23,27,42,20,34,37,73,37,23,46,34,25,16,21,21,22,17,21,19,25,22,14,29,29,21,27,17,18,25,36,21,37
"Solyc02g072050.1.1",6,3,3,5,1,2,1,2,1,1,1,NA,6,6,5,4,1,1,2,NA,2,NA,NA,NA,NA,1,NA,NA,1,3,1,1,1,NA,NA,1,NA,NA,NA,2,NA,NA,NA,NA,1,NA,NA,NA,NA,NA,NA,NA,NA,NA,NA,1,NA,NA,1,NA,NA,1,NA
"Solyc02g077050.2.1",13,12,3,35,25,11,13,20,15,38,28,3,21,21,7,36,37,26,28,28,13,6,10,7,21,24,24,22,13,10,26,15,14,67,27,29,20,19,27,23,11,17,21,11,7,20,19,12,18,10,12,14,28,7,22,22,11,19,27,20,18,15,18
"Solyc02g077950.1.1",88,61,79,51,41,44,44,46,48,46,30,10,45,62,27,43,17,47,42,23,38,25,19,35,28,20,18,45,22,36,15,17,11,31,18,45,14,22,16,10,13,13,45,23,32,20,13,16,11,29,30,18,14,11,27,21,33,21,12,14,24,13,18
"Solyc02g077960.1.1",38,27,40,6,6,2,7,9,7,2,2,NA,12,6,9,2,NA,2,4,4,2,8,5,8,4,1,3,8,3,9,2,2,2,3,4,2,2,NA,NA,1,2,1,25,9,19,4,2,4,3,8,10,1,NA,5,7,3,6,2,NA,6,8,6,9
"Solyc02g079050.2.1",54,32,34,28,36,24,23,35,30,53,40,15,50,42,26,55,40,35,42,47,21,46,46,50,31,16,29,41,43,42,13,6,11,58,23,24,10,13,14,7,2,18,67,47,61,50,48,28,28,52,31,50,42,30,70,53,53,39,23,28,46,37,57
"Solyc02g079140.1.1",6,2,4,3,1,NA,1,NA,3,5,NA,NA,1,NA,NA,1,NA,NA,3,NA,1,7,13,9,3,2,6,7,4,5,4,NA,2,2,1,NA,NA,NA,NA,1,NA,1,11,5,18,7,2,6,7,4,7,3,4,1,10,10,7,5,NA,4,10,5,5
"Solyc02g080120.1.1",13,10,32,3,13,12,15,13,22,2,6,3,13,11,12,1,1,4,3,3,12,3,NA,NA,NA,NA,NA,1,NA,NA,NA,NA,NA,1,1,1,NA,NA,NA,2,NA,NA,2,3,4,2,2,NA,2,9,1,1,2,6,NA,3,3,NA,3,5,6,1,3
"Solyc02g080510.1.1",122,57,85,55,36,99,100,54,49,57,37,26,111,67,37,19,7,36,56,38,43,21,32,31,13,17,9,26,13,25,15,9,2,24,11,3,8,7,1,10,14,3,50,22,22,14,5,7,25,25,28,4,8,5,20,18,17,9,5,4,25,15,13
"Solyc02g080530.2.1",1324,816,1341,912,1065,1426,924,1088,1337,780,790,386,1477,1278,992,524,384,574,1040,893,839,465,344,491,255,138,202,372,262,320,137,72,117,682,180,234,102,176,99,143,112,165,1747,967,1157,1119,1036,765,900,1135,1332,838,879,880,1558,1382,1399,736,496,497,1575,1095,989
"Solyc02g082170.1.1",1,NA,3,NA,NA,NA,1,1,5,1,NA,NA,1,NA,1,NA,NA,NA,2,NA,NA,NA,NA,NA,NA,NA,NA,NA,1,1,NA,NA,1,1,NA,NA,NA,1,NA,NA,1,NA,2,NA,2,NA,NA,NA,NA,NA,2,NA,NA,NA,3,NA,NA,NA,NA,NA,1,NA,NA
"Solyc02g082510.1.1",12,11,12,6,11,9,16,15,7,21,7,5,21,20,9,16,15,11,9,19,6,16,18,17,13,15,17,23,21,11,16,13,16,30,24,14,24,47,27,19,24,21,23,9,12,12,14,15,12,14,16,17,10,16,19,19,25,17,14,14,16,15,21
"Solyc02g083280.2.1",26,146,129,19,97,83,70,100,103,16,65,38,33,83,85,57,79,196,26,77,101,56,45,379,44,74,577,32,53,385,181,248,755,179,153,1315,286,761,781,207,333,832,48,37,191,40,44,147,29,47,233,34,60,251,38,51,212,79,181,335,98,129,293
"Solyc02g084570.2.1",6,6,5,7,19,7,7,14,7,11,6,3,16,7,11,5,5,16,12,8,6,4,1,2,2,8,4,2,1,3,10,5,12,15,5,18,7,6,12,5,3,10,10,2,7,4,6,8,6,6,11,6,10,8,8,7,8,5,13,13,16,14,15
"Solyc02g084950.2.1",70,33,53,88,121,87,84,79,139,66,57,42,102,118,129,73,65,116,146,100,138,26,25,30,21,7,11,29,30,31,11,3,14,65,12,23,5,17,10,13,7,13,115,55,56,33,34,44,53,44,73,40,46,77,93,53,131,48,54,53,88,54,137
"Solyc02g086210.2.1",4,NA,9,7,14,8,4,11,8,9,12,4,13,18,10,4,3,8,2,8,6,3,5,NA,NA,3,3,2,2,3,1,NA,1,5,NA,1,1,1,2,4,NA,NA,3,3,6,1,3,2,6,5,9,4,2,7,4,11,6,7,2,7,9,8,3
"Solyc02g087600.2.1",20,10,19,13,18,22,10,22,25,11,18,10,16,28,19,19,21,31,9,24,21,6,8,9,5,2,9,6,6,13,2,1,1,20,4,2,1,4,1,2,1,2,8,8,14,17,11,9,5,16,16,14,6,17,15,17,24,22,8,14,14,9,21
"Solyc02g088530.1.1",2,4,2,3,1,3,3,3,2,2,5,NA,7,7,5,4,2,3,5,NA,3,3,3,2,4,1,2,5,3,2,1,1,NA,5,NA,2,3,1,1,1,1,3,6,4,3,7,4,5,3,2,5,4,6,2,4,4,4,NA,5,6,4,1,4
"Solyc02g089900.1.1",27,13,11,13,13,9,18,23,9,26,26,4,31,29,9,16,10,14,22,9,7,14,20,21,22,10,9,18,15,15,13,14,11,18,10,8,8,7,10,13,5,15,22,2,5,7,6,3,10,9,10,7,5,9,6,5,8,6,8,12,5,7,6
"Solyc02g090720.2.1",25,11,17,17,23,15,30,30,25,11,13,4,47,38,21,12,7,9,16,18,10,19,6,22,2,2,3,9,8,16,1,1,2,10,4,5,2,3,1,2,NA,1,58,43,69,35,28,40,51,40,64,8,15,31,37,40,63,18,10,19,26,41,27
"Solyc02g091310.1.1",30,29,39,2,2,NA,2,2,4,4,NA,NA,1,2,1,1,1,1,4,NA,1,14,4,16,NA,1,3,1,2,1,3,1,1,6,3,1,1,1,NA,1,NA,1,23,10,15,NA,8,2,5,3,4,3,4,6,5,4,5,8,6,3,5,1,3
"Solyc02g092060.1.1",NA,NA,NA,NA,1,NA,NA,NA,NA,NA,NA,NA,NA,NA,NA,NA,NA,NA,1,NA,NA,NA,NA,NA,NA,NA,NA,NA,NA,NA,NA,NA,NA,NA,NA,NA,NA,NA,NA,NA,NA,NA,NA,NA,NA,NA,NA,NA,1,NA,NA,NA,NA,NA,NA,NA,NA,NA,NA,NA,NA,NA,NA
"Solyc02g093280.2.1",40,21,31,11,3,5,27,14,5,7,4,2,21,13,5,4,1,5,4,4,3,21,8,7,3,2,3,12,4,1,2,NA,1,1,1,2,NA,2,NA,1,NA,NA,39,19,10,9,9,3,10,8,8,3,3,1,17,9,4,2,3,4,7,7,3
"Solyc02g093480.2.1",8,5,5,5,4,3,7,10,2,9,4,NA,14,6,7,14,5,2,9,5,7,11,3,2,2,1,NA,6,3,4,NA,2,1,8,6,1,1,NA,NA,3,NA,2,22,6,1,6,6,4,4,9,6,4,6,4,11,7,9,4,2,2,4,4,7
"Solyc03g005300.2.1",51,32,19,28,25,31,36,40,31,48,34,12,91,38,18,39,31,20,46,39,18,48,42,43,50,26,58,61,36,53,30,23,39,65,37,48,40,33,29,35,31,49,79,26,37,41,21,24,44,36,48,37,31,30,44,34,37,32,30,30,60,39,32
"Solyc03g006810.2.1",1,2,3,1,4,4,4,5,2,8,6,3,4,3,3,3,4,3,1,4,1,3,4,5,NA,2,8,3,2,4,1,1,3,6,NA,11,2,1,NA,2,4,4,2,NA,NA,1,1,1,NA,1,2,NA,5,2,1,1,1,5,9,5,4,3,5
"Solyc03g007060.2.1",7,3,9,5,7,7,3,4,8,5,5,7,3,7,7,6,4,6,3,6,5,1,2,3,NA,NA,1,2,NA,NA,NA,NA,1,3,2,2,NA,NA,NA,NA,1,NA,6,2,NA,4,7,NA,3,4,3,1,2,2,1,1,3,4,NA,NA,2,3,3
"Solyc03g007290.2.1",5,2,4,NA,4,2,2,4,1,NA,1,NA,1,NA,NA,1,NA,2,1,1,1,2,2,4,1,NA,2,NA,NA,1,1,1,1,6,3,3,1,3,2,NA,1,1,3,3,3,NA,1,2,1,4,1,NA,NA,1,2,1,NA,1,NA,2,NA,NA,1
"Solyc03g007710.2.1",23,14,22,27,24,24,26,20,23,45,50,7,25,36,19,54,30,24,53,40,16,33,16,19,22,18,15,29,21,19,2,1,3,27,5,6,3,4,NA,NA,NA,2,22,11,5,37,25,7,16,12,13,32,11,20,32,13,17,18,15,7,38,24,12
"Solyc03g007760.2.1",23,25,9,24,31,16,15,39,8,73,32,10,38,18,12,60,25,42,42,31,14,49,55,66,74,44,81,118,86,90,73,51,42,133,75,96,70,41,43,95,59,78,48,12,15,63,48,29,37,37,31,68,66,42,91,62,52,77,47,39,77,45,49
"Solyc03g007870.2.1",7,3,6,6,8,6,3,2,8,6,6,1,5,8,8,12,6,11,10,6,6,5,2,8,5,4,9,10,3,6,5,8,6,11,1,15,5,35,25,7,10,10,7,3,2,1,5,2,1,1,2,1,NA,NA,3,2,3,4,3,2,3,5,1
"Solyc03g019850.2.1",32,31,41,29,43,43,30,41,46,23,24,9,33,46,32,32,43,41,33,28,43,15,17,21,15,9,16,23,18,37,11,10,7,32,8,17,20,29,21,13,11,12,21,22,21,14,16,19,16,26,17,14,8,17,22,31,26,18,18,22,21,17,20
"Solyc03g031800.2.1",21,13,6,8,10,5,16,12,8,7,7,2,26,16,3,11,8,7,32,19,8,3,9,9,10,17,7,11,15,14,11,13,7,30,20,31,9,13,5,22,24,17,11,5,1,5,3,4,4,4,3,1,3,1,2,9,7,11,7,14,15,24,8
"Solyc03g033550.2.1",NA,1,NA,1,1,1,NA,2,NA,1,NA,1,2,3,NA,3,NA,5,1,3,5,2,1,2,6,1,8,7,NA,4,1,2,2,4,3,5,1,1,2,2,1,2,1,1,NA,2,NA,1,1,NA,1,NA,NA,1,NA,NA,1,NA,2,NA,2,2,NA
"Solyc03g034010.2.1",24,10,6,19,22,9,16,13,12,16,13,9,24,23,14,37,17,12,32,18,6,5,7,2,5,8,1,6,2,6,5,8,6,11,9,5,4,5,NA,3,5,4,28,12,9,12,4,2,12,12,10,10,5,7,22,11,10,10,3,7,18,7,12
"Solyc03g051940.1.1",2,1,4,NA,3,NA,2,NA,NA,NA,2,NA,1,3,3,NA,1,1,2,NA,1,2,7,14,6,3,11,6,5,9,3,1,6,1,2,12,2,2,4,1,1,5,1,1,2,3,3,2,1,2,5,4,NA,3,2,2,3,2,2,1,2,1,3
"Solyc03g062870.1.1",3,NA,1,NA,2,NA,NA,1,NA,2,NA,NA,1,1,NA,NA,1,NA,NA,NA,NA,NA,NA,NA,NA,NA,NA,1,2,1,NA,NA,NA,1,NA,2,1,NA,NA,NA,1,1,NA,NA,NA,1,1,2,2,2,1,NA,3,2,NA,5,1,2,3,1,2,1,2
"Solyc03g097530.2.1",7,NA,1,3,3,2,4,5,4,3,3,NA,6,1,4,NA,3,1,1,2,1,4,NA,5,1,NA,NA,6,1,5,NA,NA,NA,3,3,2,2,NA,1,NA,1,NA,10,3,NA,2,1,1,NA,5,3,1,3,4,4,4,1,3,3,NA,2,2,1
"Solyc03g097920.1.1",36,19,26,22,21,14,23,14,25,25,34,20,39,14,13,34,13,23,33,12,9,26,20,25,26,12,18,25,21,17,18,21,11,26,16,21,19,46,26,15,26,27,49,10,81,40,30,67,35,26,67,52,31,97,44,34,88,29,30,56,30,46,71
"Solyc03g110930.2.1",10,3,9,9,8,3,13,7,9,10,10,3,9,15,10,4,6,6,3,6,6,15,5,8,9,12,15,17,12,12,4,2,NA,16,4,9,NA,1,NA,4,1,4,21,13,8,12,15,7,9,11,9,10,5,10,11,9,11,6,8,4,13,13,4
"Solyc03g123400.1.1",1,NA,NA,NA,1,NA,NA,3,2,NA,NA,NA,NA,1,NA,2,NA,1,NA,NA,NA,NA,1,1,2,3,5,NA,3,NA,2,11,2,5,5,1,9,9,5,7,9,8,NA,1,NA,NA,NA,NA,NA,NA,2,NA,1,1,NA,1,1,1,1,NA,NA,NA,1
"Solyc04g007400.2.1",5,NA,1,8,11,13,14,14,15,9,11,2,15,17,19,11,15,17,43,19,19,1,NA,NA,NA,NA,1,NA,NA,NA,NA,1,1,4,NA,1,NA,1,NA,2,2,NA,1,1,2,NA,NA,1,2,3,1,1,1,1,4,2,2,2,1,2,7,5,1
"Solyc04g010320.1.1",4,2,NA,1,2,NA,NA,NA,NA,NA,NA,NA,3,2,NA,NA,1,NA,NA,NA,NA,NA,NA,NA,NA,NA,NA,NA,NA,NA,NA,NA,NA,NA,NA,NA,NA,NA,NA,NA,NA,NA,1,1,NA,NA,3,NA,1,NA,1,NA,NA,NA,NA,3,NA,NA,1,NA,1,NA,NA
"Solyc04g010330.2.1",16,7,5,NA,1,NA,11,5,2,2,NA,NA,6,1,NA,NA,NA,1,NA,NA,NA,3,2,NA,NA,NA,NA,NA,NA,NA,1,3,NA,1,NA,1,NA,NA,NA,NA,NA,NA,10,5,2,2,NA,NA,4,3,1,NA,NA,3,3,3,NA,2,NA,NA,2,NA,NA
"Solyc04g011540.2.1",85,35,36,14,18,4,21,22,16,25,14,2,23,18,8,17,12,3,26,11,8,56,23,30,10,9,7,23,11,13,7,4,3,17,2,5,3,9,8,2,3,5,92,38,23,14,11,3,38,16,10,9,7,5,20,10,7,6,10,6,12,9,11
"Solyc04g015020.2.1",18,13,20,7,6,13,17,12,15,15,8,4,19,14,14,12,18,22,10,18,15,12,9,14,10,10,21,12,13,13,16,31,10,33,13,17,34,36,17,24,31,33,16,6,14,14,14,17,3,12,16,13,16,38,12,10,23,18,14,44,18,14,49
"Solyc04g017750.2.1",51,33,59,31,51,63,40,46,69,49,46,23,66,61,26,38,22,42,29,33,36,33,53,56,20,35,52,50,34,64,47,35,32,69,33,54,50,71,55,36,32,56,75,42,81,50,54,47,37,42,79,35,36,49,50,44,71,33,61,39,43,39,58
"Solyc04g054910.2.1",47,29,33,75,55,37,48,57,44,50,29,10,105,54,33,63,23,34,40,33,22,52,67,60,70,36,99,67,81,74,89,85,84,122,64,79,231,210,122,85,128,107,77,46,29,62,63,31,64,40,64,69,94,105,89,77,80,73,79,85,96,70,78
"Solyc04g078650.2.1",15,2,1,7,6,1,9,5,3,11,5,1,10,5,3,11,7,4,11,7,8,7,4,5,4,2,4,11,2,11,2,NA,2,16,4,5,3,NA,NA,3,2,2,21,6,4,5,2,3,7,8,6,4,8,NA,20,9,9,8,8,1,19,8,7
"Solyc04g080040.2.1",13,24,11,14,42,28,42,41,14,18,13,21,34,16,17,41,22,95,32,31,37,15,10,4,59,79,48,29,46,19,121,176,99,115,91,60,266,275,169,110,259,116,14,10,13,22,14,16,9,9,10,29,39,41,30,30,25,61,73,62,51,34,50
"Solyc04g080700.2.1",49,70,62,55,87,87,48,73,55,81,90,42,88,82,53,111,88,120,76,85,59,31,38,105,74,76,164,58,40,79,231,157,184,178,125,166,377,493,216,240,220,310,60,25,95,71,57,99,37,43,94,114,81,136,63,53,97,92,72,167,101,75,137
"Solyc04g080970.2.1",35,20,39,15,8,4,16,12,7,9,4,7,33,13,1,10,1,6,9,9,1,7,9,10,4,1,5,7,1,5,2,NA,NA,8,3,2,NA,1,1,NA,1,NA,20,11,16,23,12,3,9,10,12,17,3,9,8,12,14,5,10,5,16,15,7
"Solyc04g081510.2.1",29,23,38,34,24,35,32,35,42,40,37,15,46,37,24,38,28,24,37,31,18,29,24,32,21,11,25,35,22,28,17,14,15,38,12,28,15,18,17,13,12,24,38,22,45,42,29,25,22,21,32,24,27,19,31,23,28,22,22,33,35,24,40
"Solyc04g081930.2.1",10,14,11,7,8,10,5,8,5,6,8,NA,19,11,6,10,5,5,8,10,8,16,8,7,6,3,5,12,8,6,1,5,2,7,5,10,1,2,4,7,4,5,10,8,11,10,6,4,10,7,11,6,2,7,9,5,9,3,5,3,8,3,7
"Solyc04g082140.2.1",248,97,54,168,76,65,154,140,66,336,183,42,354,163,62,267,117,100,304,209,72,227,249,97,180,139,106,405,236,159,135,68,55,331,133,100,69,50,33,189,80,81,286,75,55,133,111,58,103,169,66,138,184,82,240,225,101,158,141,105,345,262,140
"Solyc05g005540.2.1",12,14,9,25,14,32,25,20,13,40,22,5,44,38,27,28,17,16,52,32,16,4,4,1,6,4,2,14,5,5,4,7,5,15,7,6,1,1,1,3,3,5,9,9,3,4,6,NA,7,6,8,7,8,7,20,11,11,10,7,7,22,13,6
"Solyc05g006740.2.1",3,7,2,11,25,9,2,5,12,17,9,7,5,9,17,29,51,66,24,20,24,1,NA,NA,NA,NA,NA,NA,NA,NA,1,NA,NA,40,1,2,NA,2,NA,2,NA,NA,8,2,3,7,14,15,5,10,6,24,29,27,16,16,4,107,80,76,33,30,20
"Solyc05g007480.1.1",9,14,8,6,17,7,18,20,19,7,5,6,19,9,15,37,24,37,16,17,20,2,11,13,2,22,21,16,26,43,27,21,32,31,35,69,36,47,38,30,53,49,4,2,4,2,4,3,NA,3,3,3,14,4,3,8,14,14,17,16,11,8,14
"Solyc05g007980.2.1",64,61,59,26,59,67,28,51,54,48,66,55,48,49,51,110,102,233,58,57,93,21,15,17,41,79,138,33,45,41,106,135,127,151,121,144,187,290,172,107,146,177,49,39,30,20,34,43,17,24,41,53,53,101,37,50,54,71,73,133,74,47,124
"Solyc05g009250.1.1",4,3,2,3,12,5,3,5,6,4,5,1,8,3,4,13,10,15,7,12,8,4,1,1,1,6,1,2,NA,3,6,8,1,6,5,7,8,6,3,3,2,6,6,5,3,NA,6,3,1,2,1,5,7,5,1,6,2,4,6,2,6,7,4
"Solyc05g009520.1.1",17,5,3,9,7,1,11,6,6,2,NA,1,15,4,3,4,3,1,7,6,3,2,8,4,2,NA,2,2,3,5,1,1,1,4,2,NA,4,15,2,4,3,4,13,6,7,11,10,4,7,3,5,9,8,2,9,5,3,3,2,3,12,7,6
"Solyc05g009760.1.1",10,6,6,16,16,16,2,2,4,12,13,1,21,9,10,19,14,14,13,12,12,2,NA,NA,1,1,NA,NA,NA,1,NA,NA,NA,11,NA,1,NA,4,1,NA,NA,NA,13,15,9,13,26,19,10,18,24,24,29,47,23,19,30,31,30,37,36,31,35
"Solyc05g013860.2.1",20,8,10,14,12,6,25,21,22,12,13,5,14,31,14,27,13,16,26,30,23,1,5,2,7,7,6,4,12,8,9,7,3,28,14,12,2,3,3,2,1,5,6,NA,NA,NA,NA,2,1,1,1,2,6,2,3,6,9,2,8,2,12,6,5
"Solyc05g041220.1.1",61,44,57,5,8,2,26,22,18,2,NA,NA,15,5,4,2,NA,NA,4,1,NA,17,9,13,1,NA,NA,3,NA,2,NA,NA,NA,1,NA,NA,NA,NA,NA,NA,1,NA,59,37,18,NA,2,1,12,9,10,NA,NA,NA,7,2,6,1,NA,2,1,1,NA
"Solyc05g046320.1.1",36,15,14,23,14,10,21,17,7,12,13,2,32,14,10,6,NA,1,25,11,4,26,10,9,6,1,4,15,12,10,3,NA,NA,2,3,3,2,4,1,4,5,2,27,13,7,16,7,5,13,15,12,8,3,3,13,11,13,3,2,6,12,6,7
"Solyc05g051360.1.1",1,NA,1,NA,2,1,NA,3,1,NA,3,1,1,NA,NA,2,NA,NA,1,NA,2,NA,NA,1,NA,NA,NA,NA,NA,1,NA,NA,NA,NA,NA,NA,NA,NA,NA,NA,NA,1,2,1,NA,NA,1,NA,1,NA,NA,1,NA,NA,NA,1,1,NA,NA,NA,NA,NA,2
"Solyc05g051380.2.1",30,25,18,2,3,NA,NA,NA,1,3,1,NA,1,1,NA,NA,6,2,3,NA,NA,2,2,NA,1,NA,1,2,3,1,NA,NA,NA,3,NA,NA,NA,NA,NA,NA,NA,NA,11,3,3,9,NA,1,1,3,1,1,6,3,5,NA,3,4,3,5,7,2,10
"Solyc05g051870.2.1",8,4,NA,14,8,2,15,5,3,21,10,5,17,13,7,32,15,6,42,18,8,5,6,2,6,9,5,11,4,4,5,3,2,17,12,4,2,2,1,8,NA,4,11,NA,1,13,4,3,5,2,3,18,6,7,20,1,5,15,6,4,19,11,8
"Solyc05g052850.2.1",5,8,8,9,7,10,8,9,2,5,6,NA,14,11,8,7,6,2,8,7,3,13,9,12,5,3,6,5,4,15,NA,3,1,5,3,13,4,6,1,3,2,9,10,8,7,8,10,11,15,11,10,8,4,9,9,15,10,4,2,3,13,5,8
"Solyc05g055940.2.1",106,87,115,67,77,79,83,93,98,100,85,29,129,98,52,105,81,89,96,65,68,87,98,141,135,129,195,168,129,169,159,159,154,237,146,190,227,321,170,120,237,181,113,82,145,52,58,65,54,74,110,55,82,126,80,67,119,81,80,135,88,81,139
"Solyc06g007160.2.1",12,32,9,31,55,57,42,58,32,55,69,32,52,45,35,121,137,180,53,56,66,15,16,11,95,165,148,24,70,36,243,231,175,257,195,210,317,191,177,163,196,191,6,2,6,29,24,14,4,3,10,48,65,49,9,16,16,139,125,107,62,33,49
"Solyc06g008100.2.1",1,2,2,NA,1,NA,NA,2,1,NA,NA,NA,5,NA,NA,2,NA,NA,1,NA,1,1,1,NA,NA,NA,2,3,2,1,NA,1,NA,NA,NA,NA,2,1,NA,1,1,2,5,NA,1,1,NA,2,NA,2,1,NA,NA,3,NA,1,1,1,1,1,NA,NA,NA
"Solyc06g009330.2.1",16,6,11,14,11,12,14,15,14,13,9,1,13,16,11,13,6,9,9,16,6,13,8,13,15,9,14,10,13,15,10,15,10,25,10,17,8,5,11,5,7,19,23,24,31,17,24,13,16,21,24,27,35,29,28,26,36,29,16,21,24,15,34
"Solyc06g034140.1.1",28,8,17,17,18,7,25,12,21,27,18,3,26,20,10,14,6,10,19,18,8,15,17,9,9,5,19,22,13,8,8,8,12,14,9,9,6,7,5,7,5,6,41,17,15,14,15,8,15,19,7,6,2,2,22,16,12,4,1,6,8,7,4
"Solyc06g053440.2.1",16,6,9,12,13,10,10,8,9,14,11,2,20,10,9,49,22,15,51,19,11,16,11,21,19,16,12,22,20,10,4,NA,4,21,3,23,3,7,1,1,NA,5,18,7,5,8,7,4,9,12,7,14,16,13,23,13,6,13,9,2,24,17,5
"Solyc06g053690.1.1",NA,NA,NA,NA,NA,NA,NA,NA,NA,1,NA,NA,NA,NA,NA,1,NA,NA,NA,NA,NA,6,2,2,2,NA,3,2,2,6,NA,2,1,2,1,1,1,NA,NA,1,NA,2,6,NA,2,7,2,2,2,1,3,3,1,1,5,2,2,1,NA,5,4,1,4
"Solyc06g053930.2.1",NA,NA,NA,NA,NA,NA,NA,1,NA,NA,NA,NA,NA,NA,NA,NA,NA,NA,NA,NA,NA,2,4,3,NA,3,NA,2,2,3,2,3,4,1,2,4,3,1,2,3,4,6,2,NA,NA,1,NA,NA,1,NA,NA,NA,NA,1,NA,1,NA,NA,NA,1,1,3,NA
"Solyc06g054580.2.1",8,7,8,9,13,16,6,10,8,10,7,2,13,12,7,8,5,9,9,11,5,9,3,4,4,6,7,4,8,10,7,2,6,8,5,11,2,9,6,4,2,5,11,10,6,15,10,10,3,7,4,7,6,10,8,4,10,7,5,11,14,7,9
"Solyc06g060620.2.1",37,23,30,43,65,43,46,68,50,89,73,25,61,80,33,61,40,47,70,69,36,34,33,46,17,16,11,63,47,41,22,8,2,54,22,10,29,46,13,47,63,15,55,23,39,42,41,41,18,54,66,44,60,46,86,64,68,40,15,17,75,47,41
"Solyc06g060770.2.1",6,13,6,5,10,3,10,16,5,10,2,3,4,5,3,23,14,12,7,3,7,8,8,26,17,46,40,13,23,30,69,75,81,58,56,78,97,94,109,40,77,82,7,5,7,8,5,5,3,7,6,8,12,19,5,6,7,32,25,26,12,13,14
"Solyc06g065380.2.1",NA,1,NA,NA,1,NA,8,4,1,4,2,1,2,4,NA,7,5,4,1,2,1,5,3,2,3,5,7,3,1,4,12,21,19,13,6,13,31,51,26,20,31,24,2,3,1,2,1,1,2,1,2,4,2,2,1,3,1,5,1,4,4,1,2
"Solyc06g065970.1.1",156,175,70,108,114,104,157,205,60,153,116,78,151,72,89,286,252,390,195,140,135,100,106,65,540,463,290,277,287,154,636,506,566,1022,524,735,412,161,317,242,288,307,211,95,97,145,112,79,68,89,72,241,336,281,157,131,104,737,421,682,408,382,291
"Solyc06g068570.2.1",3,9,8,9,22,14,8,22,18,7,23,16,8,21,16,19,31,65,19,26,33,7,12,23,6,11,42,15,16,32,15,14,42,33,23,67,13,23,22,14,24,53,9,3,17,4,12,23,4,8,11,3,13,25,6,14,20,17,19,28,31,17,35
"Solyc06g068690.2.1",28,23,28,13,25,17,19,23,41,11,10,11,25,40,23,19,5,11,27,23,33,4,4,12,5,6,22,4,5,20,8,18,28,20,17,32,12,18,33,10,25,47,12,3,8,3,9,14,4,6,14,8,15,17,7,8,26,7,10,38,19,14,35
"Solyc06g069000.2.1",11,12,1,16,4,10,16,20,3,19,3,5,23,11,8,19,3,7,23,15,4,12,13,12,34,24,25,24,22,17,27,31,32,37,34,40,19,7,8,23,15,26,7,2,3,7,1,2,6,4,4,3,8,5,4,7,3,6,7,5,12,7,5
"Solyc06g069250.1.1",NA,NA,NA,NA,NA,1,NA,NA,NA,NA,NA,NA,NA,NA,NA,NA,NA,NA,NA,NA,NA,NA,NA,NA,NA,NA,NA,NA,NA,NA,NA,NA,NA,NA,NA,NA,NA,NA,NA,NA,NA,NA,NA,NA,NA,NA,NA,NA,NA,NA,NA,NA,NA,NA,NA,NA,NA,NA,NA,NA,NA,NA,NA
"Solyc06g073730.1.1",81,44,37,39,36,35,51,46,45,70,38,21,89,86,48,67,40,47,84,76,54,30,36,72,35,40,98,58,55,93,50,57,77,90,63,100,66,106,109,78,81,141,33,14,24,21,22,23,21,22,31,16,47,44,36,46,50,40,33,42,61,57,62
"Solyc07g006700.1.1",11,2,1,2,4,12,4,4,6,3,2,1,5,1,4,3,2,6,3,2,8,8,8,9,17,9,5,17,16,1,22,11,5,24,18,12,5,4,3,11,17,9,15,4,1,3,3,NA,4,2,2,8,1,2,4,1,2,3,NA,NA,2,2,2
"Solyc07g007280.2.1",11,7,9,23,26,14,8,16,12,18,20,11,16,25,13,83,71,69,19,21,18,7,10,4,26,29,20,10,27,13,31,16,26,67,19,41,18,18,11,17,10,14,10,1,4,10,13,5,3,1,3,18,22,18,17,7,4,54,44,26,31,19,16
"Solyc07g008010.2.1",71,46,68,17,27,30,47,48,61,26,11,13,42,57,42,16,22,34,64,40,44,47,48,114,8,9,30,31,22,74,3,4,10,22,9,29,NA,4,8,5,5,17,105,50,98,19,9,25,47,59,88,8,10,20,49,33,57,16,10,16,52,32,43
"Solyc07g014640.2.1",17,6,9,14,17,10,16,18,10,14,14,3,22,18,11,32,18,8,20,9,6,9,11,12,14,8,9,17,7,8,11,20,8,33,17,17,25,14,16,12,14,16,15,8,8,5,10,3,8,8,6,7,7,13,6,6,5,15,5,6,18,16,11
"Solyc07g025390.2.1",35,18,22,32,33,24,35,33,27,43,34,8,66,35,26,54,24,28,51,29,33,26,26,16,22,23,21,34,26,27,17,10,16,50,19,18,13,17,16,11,7,10,42,25,16,27,18,10,22,28,15,34,24,20,44,26,21,32,26,17,39,24,20
"Solyc07g041210.2.1",25,19,23,21,14,17,11,8,14,10,9,3,30,10,13,6,7,7,7,6,3,16,17,16,9,1,4,15,6,11,2,2,1,11,3,7,4,8,NA,3,2,3,17,13,15,15,7,5,7,11,17,5,4,6,18,9,7,2,2,2,10,6,8
"Solyc07g044750.2.1",8,13,4,3,18,6,5,9,6,6,10,2,7,10,4,5,3,3,9,4,3,6,3,4,6,2,6,6,6,5,2,3,1,10,9,6,6,5,3,4,6,5,12,5,5,9,7,7,3,8,10,7,16,10,13,4,7,8,6,11,12,6,18
"Solyc07g045320.2.1",11,14,18,2,NA,3,2,6,4,4,4,2,3,3,8,2,3,NA,4,3,4,2,2,4,5,1,2,4,NA,2,NA,2,1,2,1,1,NA,1,NA,NA,NA,NA,9,2,2,NA,NA,1,3,3,NA,1,1,1,3,3,1,NA,NA,1,3,1,3
"Solyc07g045550.1.1",10,7,16,2,1,2,13,12,6,1,1,NA,11,7,3,NA,NA,NA,NA,1,NA,2,NA,2,NA,NA,NA,1,NA,NA,NA,NA,NA,NA,NA,NA,NA,NA,NA,NA,NA,NA,22,7,10,1,NA,1,7,8,11,NA,NA,NA,2,1,2,1,NA,1,NA,1,1
"Solyc07g049180.2.1",6,5,11,12,19,26,9,12,26,16,20,5,15,16,20,25,26,28,20,20,25,16,16,24,12,9,20,13,17,17,12,9,18,29,9,31,10,22,19,10,6,28,25,15,25,18,21,23,20,19,38,19,30,37,27,23,41,23,16,26,33,26,31
"Solyc07g053020.1.1",39,34,30,54,89,69,57,62,42,98,88,22,72,72,50,71,53,63,72,55,35,80,128,223,113,81,126,211,169,230,86,52,73,180,106,196,75,85,85,83,60,178,128,83,186,85,113,130,80,151,256,120,83,138,247,211,312,86,51,60,206,133,197
"Solyc07g053640.1.1",49,17,11,100,67,45,64,51,29,135,79,25,240,85,50,168,73,86,159,69,43,78,63,41,192,100,129,160,102,99,203,167,144,179,126,168,358,348,197,175,238,118,40,8,1,32,16,11,20,15,13,24,41,15,44,29,10,59,44,25,45,24,15
"Solyc07g054440.2.1",44,37,51,29,50,37,35,43,49,51,26,19,59,68,34,50,25,35,36,46,34,32,43,47,31,16,25,46,38,41,14,15,18,37,17,35,22,16,13,21,16,19,43,23,23,36,16,23,19,29,34,19,26,27,30,24,42,24,10,13,25,24,30
"Solyc07g062850.2.1",39,43,60,32,49,66,22,47,39,45,44,29,35,52,18,50,51,52,47,47,47,27,29,33,17,14,18,42,27,38,10,7,8,41,19,16,6,6,5,6,3,5,37,29,48,35,31,26,22,28,28,30,30,37,53,42,47,38,13,24,24,35,33
"Solyc07g062890.2.1",15,4,14,11,10,18,8,13,12,6,11,3,15,9,15,12,9,8,16,6,11,8,13,15,8,6,7,16,15,10,13,3,7,12,8,13,3,6,10,5,12,21,5,5,6,3,3,6,7,3,3,NA,6,2,3,1,8,1,NA,7,5,2,6
"Solyc07g063180.2.1",2,3,3,1,4,NA,2,3,2,4,1,NA,9,1,1,5,1,1,NA,2,2,1,2,4,NA,1,2,2,4,5,NA,NA,2,1,1,NA,NA,1,NA,1,NA,1,7,6,11,1,NA,1,2,4,2,3,NA,1,2,4,1,3,NA,2,2,1,4
"Solyc07g063820.2.1",58,53,111,39,57,57,35,56,80,34,41,24,46,67,47,41,40,44,39,37,50,7,7,7,8,10,17,19,13,11,34,39,47,35,20,25,59,65,67,26,36,55,22,24,17,21,21,14,18,15,25,10,21,14,13,16,15,20,8,7,22,19,16
"Solyc08g005130.1.1",18,6,6,11,10,12,13,20,16,8,22,6,20,19,8,7,7,10,19,9,7,2,3,NA,5,3,5,12,3,6,8,3,4,10,6,4,5,14,4,6,14,4,10,3,2,8,13,5,7,13,8,17,5,8,15,14,24,5,6,6,22,8,7
"Solyc08g005440.2.1",21,10,20,21,19,24,26,30,27,17,14,8,31,36,12,20,16,5,27,36,15,18,8,23,10,9,8,20,19,15,7,5,8,24,5,12,9,17,11,11,8,11,48,28,38,8,21,6,19,29,43,6,11,7,23,25,28,7,3,2,14,12,24
"Solyc08g006700.2.1",6,19,10,10,15,11,9,11,16,7,11,3,9,15,12,11,11,24,13,9,8,7,3,11,7,13,11,7,13,12,7,5,3,12,8,16,6,6,12,4,3,6,12,8,11,12,6,4,7,4,14,10,14,13,11,8,28,8,15,13,19,8,20
"Solyc08g007640.1.1",24,12,16,12,10,11,9,12,12,7,6,7,14,15,5,10,8,6,20,15,9,8,3,4,10,10,8,7,5,10,12,12,5,6,11,8,21,15,8,9,9,8,16,6,16,20,13,18,6,11,16,18,15,17,20,15,16,11,7,13,15,15,19
"Solyc08g007800.2.1",5,1,NA,5,4,1,NA,2,1,8,2,1,5,7,1,3,1,NA,4,2,NA,1,3,4,1,NA,NA,6,2,NA,NA,1,NA,3,NA,NA,NA,NA,1,4,NA,1,1,NA,NA,NA,NA,NA,NA,NA,1,NA,NA,1,NA,NA,NA,NA,NA,NA,1,NA,1
"Solyc08g016160.2.1",10,6,8,2,2,3,5,3,3,1,2,1,8,2,2,NA,NA,NA,5,1,1,NA,NA,NA,NA,NA,NA,NA,NA,NA,NA,NA,NA,1,NA,NA,NA,NA,NA,NA,NA,NA,NA,2,NA,NA,NA,NA,NA,NA,NA,NA,NA,NA,NA,NA,NA,NA,NA,NA,1,NA,NA
"Solyc08g036570.1.1",8,2,5,11,3,3,6,NA,1,3,1,NA,13,6,3,1,1,NA,2,1,NA,4,5,1,NA,1,NA,2,1,NA,NA,NA,NA,NA,NA,NA,NA,NA,NA,NA,NA,1,22,1,3,8,3,2,7,5,2,2,3,NA,2,3,5,2,1,1,4,NA,NA
"Solyc08g059700.1.1",19,4,7,33,31,28,20,24,19,50,16,7,52,26,20,44,17,15,75,32,19,128,103,79,42,33,29,121,94,75,19,15,7,78,41,34,11,16,5,16,21,5,174,49,30,39,26,12,51,53,31,17,14,10,75,65,47,25,10,5,40,44,29
"Solyc08g061650.2.1",14,19,12,9,17,17,12,16,8,19,10,3,20,15,9,16,6,9,13,9,11,17,13,18,6,11,11,18,13,11,7,5,6,24,11,9,10,6,12,9,6,13,36,16,35,25,20,17,15,24,21,22,20,23,23,20,24,14,22,10,16,21,29
"Solyc08g062670.2.1",71,47,88,58,84,72,51,77,80,42,47,26,80,73,44,53,43,84,56,58,53,51,42,69,25,8,45,54,35,48,16,16,26,71,20,55,20,26,40,17,14,18,63,54,62,51,30,56,41,53,64,38,44,55,73,67,66,49,42,45,78,49,68
"Solyc08g066610.2.1",1,3,2,2,2,6,4,5,3,2,4,1,6,1,1,9,6,6,2,2,2,2,4,4,10,6,13,8,4,9,10,6,11,20,9,17,7,5,7,8,6,8,4,1,NA,3,2,NA,NA,2,1,4,NA,3,1,NA,NA,4,1,5,5,2,1
"Solyc08g066840.2.1",55,9,7,45,26,17,43,26,16,49,29,17,88,33,21,96,35,13,136,66,28,24,16,11,32,34,24,42,28,17,44,16,5,69,35,9,21,21,6,20,23,17,63,12,12,43,38,15,35,28,20,46,41,25,64,33,34,32,15,40,83,49,33
"Solyc08g066880.2.1",59,32,26,25,14,11,60,41,32,14,13,2,44,39,23,4,2,3,35,21,24,2,1,NA,NA,1,NA,2,3,NA,NA,1,1,5,4,NA,NA,1,NA,NA,NA,4,11,6,NA,NA,NA,NA,1,NA,4,NA,NA,1,1,1,1,1,NA,NA,NA,3,1
"Solyc08g067440.1.1",1,2,3,4,4,2,2,6,2,3,10,NA,2,2,3,8,9,4,4,7,NA,16,11,22,14,14,10,12,13,25,17,7,17,29,19,25,16,9,10,9,4,14,20,7,15,16,14,13,11,9,13,9,11,19,13,6,18,13,8,28,17,14,30
"Solyc08g078950.2.1",16,9,22,24,17,15,28,16,24,15,13,9,13,8,13,43,21,38,17,8,25,11,15,12,27,40,38,26,28,20,54,45,41,64,42,38,79,82,53,53,78,44,7,NA,NA,8,6,1,4,NA,NA,13,31,2,5,4,4,24,14,10,14,14,8
"Solyc08g078990.1.1",8,5,5,5,8,4,3,4,1,3,7,NA,7,9,1,2,8,NA,1,6,2,1,2,2,4,6,6,3,1,5,2,3,10,5,4,3,2,8,3,3,6,8,7,1,2,4,3,5,3,3,3,2,3,4,5,4,6,4,NA,4,3,2,1
"Solyc08g081370.1.1",20,14,15,17,15,8,16,21,12,12,10,4,31,27,15,10,6,5,21,22,16,13,13,17,2,7,6,11,8,10,6,4,1,14,5,7,4,7,5,6,3,17,20,7,15,20,14,14,15,13,27,9,9,10,25,16,24,16,8,10,34,10,30
"Solyc08g081690.2.1",13,13,15,NA,5,5,11,14,3,9,3,2,4,7,7,2,2,1,2,6,2,7,7,11,6,4,15,2,5,10,2,13,15,8,5,14,6,5,12,8,11,17,12,14,22,6,1,3,4,12,10,3,4,3,12,7,6,9,3,5,NA,2,3
"Solyc08g082920.2.1",17,11,12,6,12,12,12,15,9,26,16,4,26,15,8,41,18,14,33,14,8,18,9,6,9,19,7,13,10,10,7,9,8,32,9,13,16,12,6,4,15,9,22,9,10,11,6,7,10,10,14,15,11,13,18,16,17,10,11,16,29,21,16
"Solyc09g007040.1.1",1,1,2,1,3,NA,4,NA,1,2,2,NA,2,2,NA,3,4,1,4,3,NA,1,6,4,1,3,1,5,3,1,1,1,NA,5,2,2,NA,1,1,NA,NA,3,2,3,NA,4,3,2,NA,6,3,2,5,3,3,5,2,2,NA,1,2,2,2
"Solyc09g008680.2.1",17,11,15,15,14,9,15,8,15,11,14,7,15,15,9,16,21,24,21,18,12,6,1,1,1,3,6,2,5,2,NA,1,NA,13,NA,6,2,1,NA,NA,NA,6,7,6,5,6,3,6,5,10,9,8,11,9,10,6,9,10,8,9,7,7,9
"Solyc09g009580.2.1",15,8,14,14,19,9,25,19,16,18,7,NA,29,15,9,10,2,NA,13,3,1,16,15,23,3,2,1,13,14,19,1,NA,NA,4,3,6,NA,1,NA,1,NA,2,8,NA,NA,NA,NA,NA,NA,NA,NA,NA,NA,NA,NA,NA,1,NA,1,NA,NA,NA,NA
"Solyc09g011080.2.1",23,112,40,29,49,45,133,142,29,31,29,34,28,23,25,140,52,98,29,25,44,69,75,65,298,356,430,100,166,159,629,1183,729,542,591,502,1257,1451,1037,616,1834,1002,18,11,24,47,40,53,16,9,15,105,136,140,43,31,38,161,164,292,131,116,157
"Solyc09g031900.2.1",28,31,35,22,22,31,19,35,27,21,28,10,29,28,18,13,17,37,21,20,26,33,31,57,23,15,40,37,24,49,15,5,14,49,22,53,3,7,6,12,2,13,29,13,28,18,22,32,20,21,39,20,18,40,24,30,46,23,31,36,37,29,34
"Solyc09g058980.2.1",3,NA,2,3,1,NA,1,5,1,NA,NA,NA,2,NA,NA,3,1,1,1,NA,1,7,3,2,2,2,4,6,4,2,4,2,1,6,2,3,3,1,2,1,1,5,3,1,4,1,2,2,2,2,NA,1,2,3,2,3,4,NA,NA,3,4,2,NA
"Solyc09g075100.2.1",7,4,3,6,7,10,6,4,14,7,6,2,9,5,4,12,6,2,5,4,6,7,4,7,7,1,1,5,5,6,1,2,1,12,6,4,1,4,NA,2,NA,5,8,3,7,12,6,5,6,2,8,8,4,4,1,7,6,5,2,4,13,3,9
"Solyc09g082980.2.1",250,177,215,142,182,144,136,175,181,191,161,63,263,238,152,155,125,115,153,161,131,121,129,207,78,66,104,143,95,186,77,69,88,199,78,112,125,147,78,118,125,112,228,147,203,129,129,133,94,153,229,115,126,155,167,161,236,103,96,122,157,143,174
"Solyc09g083130.2.1",10,49,20,33,56,39,33,56,44,28,34,21,41,48,31,94,83,121,45,67,85,30,47,55,60,83,105,47,58,87,154,192,180,192,142,155,230,282,256,122,284,236,55,40,67,45,52,42,20,43,52,105,139,124,57,77,72,185,167,237,143,117,127
"Solyc09g091260.2.1",37,34,38,44,45,35,30,42,55,45,27,20,56,65,35,22,15,25,40,35,25,46,34,30,33,19,36,70,40,43,23,20,19,43,29,38,40,22,34,33,27,27,35,24,18,23,22,14,18,26,32,20,20,23,46,36,37,17,8,16,25,11,30
"Solyc09g091960.2.1",41,50,52,19,34,24,40,39,30,15,8,6,28,24,25,10,5,14,9,16,11,25,15,16,6,7,5,11,6,4,13,25,8,8,12,1,74,73,29,12,54,8,52,45,43,16,14,12,21,22,37,7,13,9,23,24,24,8,6,8,24,14,10
"Solyc09g097930.2.1",20,10,8,5,7,2,15,4,9,9,1,1,18,7,3,7,2,NA,9,4,3,15,3,14,2,NA,NA,9,7,7,NA,NA,NA,4,NA,1,NA,1,NA,NA,NA,NA,19,2,9,5,3,NA,18,5,4,4,1,2,9,3,10,4,1,1,6,3,NA
"Solyc10g008250.1.1",NA,NA,NA,NA,NA,NA,NA,NA,NA,NA,NA,NA,1,NA,NA,NA,NA,NA,NA,NA,NA,1,NA,NA,NA,NA,NA,NA,NA,NA,NA,NA,NA,NA,NA,NA,NA,NA,NA,NA,NA,NA,1,NA,NA,NA,NA,NA,NA,1,NA,1,2,NA,NA,NA,NA,NA,NA,NA,NA,NA,NA
"Solyc10g017630.1.1",11,4,4,NA,NA,NA,3,1,4,1,NA,1,4,NA,3,NA,1,NA,NA,NA,1,2,1,1,NA,NA,1,1,NA,NA,1,NA,NA,NA,NA,NA,NA,1,NA,1,NA,NA,2,NA,1,NA,NA,NA,1,2,1,NA,NA,NA,1,2,NA,NA,1,1,NA,2,NA
"Solyc10g024420.1.1",NA,NA,NA,NA,NA,2,1,1,NA,NA,1,1,1,2,1,1,NA,NA,NA,NA,NA,NA,NA,NA,NA,NA,NA,NA,NA,1,1,NA,NA,1,NA,NA,NA,NA,NA,NA,NA,1,1,1,1,4,1,NA,NA,1,NA,NA,1,1,1,1,NA,1,1,2,NA,1,NA
"Solyc10g039290.1.1",8,17,3,16,27,19,15,28,12,55,48,17,17,25,19,128,107,77,100,35,55,9,9,6,60,75,70,21,55,21,134,81,123,191,166,149,84,75,85,116,97,151,3,1,NA,5,4,4,5,1,1,15,21,24,5,3,6,46,39,55,34,14,18
"Solyc10g074520.1.1",7,7,6,4,3,6,6,13,4,NA,5,1,6,6,2,6,1,4,6,9,NA,2,11,4,5,4,5,9,5,10,2,3,1,5,3,4,2,2,2,1,NA,1,1,NA,NA,NA,NA,NA,1,NA,NA,NA,NA,NA,1,NA,NA,1,NA,1,1,1,NA
"Solyc10g075080.1.1",NA,1,1,NA,NA,NA,NA,NA,NA,NA,NA,NA,NA,NA,NA,NA,NA,NA,NA,NA,NA,NA,NA,NA,NA,NA,NA,NA,NA,NA,NA,NA,NA,NA,NA,NA,NA,NA,NA,NA,NA,NA,NA,NA,NA,NA,NA,NA,NA,NA,NA,NA,NA,NA,NA,NA,NA,NA,NA,NA,NA,NA,NA
"Solyc10g078580.1.1",17,14,4,4,14,13,21,22,8,12,15,1,20,8,7,32,15,14,19,14,4,16,19,9,37,46,25,25,28,22,52,83,67,71,77,58,42,48,42,48,70,68,12,4,4,6,7,3,7,7,3,9,15,10,8,4,2,21,18,24,14,14,5
"Solyc10g079620.1.1",28,54,144,23,51,122,26,64,118,36,29,25,40,47,92,33,17,77,32,22,86,28,67,192,59,55,135,53,81,135,89,142,111,110,121,170,163,155,165,75,210,200,27,27,94,21,33,76,22,27,117,27,36,63,33,47,127,30,31,88,57,49,130
"Solyc10g081050.1.1",27,41,29,34,34,29,29,44,30,58,58,21,58,57,17,79,51,73,46,41,32,35,28,27,42,52,77,47,51,51,38,27,49,101,29,103,31,24,29,21,16,49,41,21,18,42,31,27,15,26,25,39,37,40,42,32,39,80,44,51,77,45,53
"Solyc10g081230.1.1",5,2,6,4,2,2,3,2,5,5,3,NA,4,6,1,1,1,1,2,NA,1,3,5,11,2,NA,2,4,1,3,1,1,2,NA,NA,1,2,NA,NA,NA,1,2,5,5,4,3,2,3,1,1,4,3,1,1,5,3,2,2,NA,1,2,NA,NA
"Solyc10g081700.1.1",13,11,8,3,3,4,9,8,3,8,3,NA,11,4,3,1,NA,1,8,3,1,8,4,9,NA,1,NA,4,2,1,1,NA,NA,NA,NA,NA,NA,NA,NA,NA,NA,NA,23,14,22,1,NA,NA,11,14,10,1,NA,NA,6,6,8,NA,NA,1,5,4,3
"Solyc10g084320.1.1",635,422,460,399,493,433,565,744,663,237,370,96,611,730,341,145,88,113,305,327,215,92,7,19,7,4,6,21,9,25,8,8,5,172,21,17,2,14,6,15,5,3,572,513,769,174,289,312,341,710,912,237,302,355,545,633,644,296,245,340,530,475,447
"Solyc10g085750.1.1",15,11,9,9,1,9,9,12,7,7,5,2,18,7,4,5,4,NA,8,7,1,NA,NA,NA,NA,NA,NA,NA,NA,NA,NA,NA,NA,NA,NA,NA,NA,NA,NA,NA,1,NA,NA,3,NA,1,NA,NA,2,NA,1,NA,NA,NA,NA,NA,NA,NA,1,NA,NA,NA,NA
"Solyc10g086570.2.1",90,169,201,169,292,269,117,222,233,122,297,122,204,257,240,279,362,777,228,275,287,92,79,216,141,176,283,131,130,234,216,271,572,378,226,583,291,568,507,203,421,517,65,33,70,101,66,109,41,36,111,86,102,126,70,52,84,229,266,239,119,99,117
"Solyc11g006110.1.1",5,4,5,3,2,5,4,10,8,7,8,NA,2,7,3,11,5,1,4,5,3,4,2,9,NA,2,6,NA,6,7,5,6,1,3,2,4,3,7,5,5,1,4,2,1,1,1,2,NA,1,NA,NA,1,NA,1,1,1,NA,1,NA,2,1,2,1
"Solyc11g007650.1.1",1,2,NA,1,1,2,NA,1,1,2,2,NA,2,1,1,2,NA,2,1,2,NA,1,2,NA,3,NA,1,NA,1,NA,1,1,2,2,2,1,1,2,NA,NA,1,1,NA,NA,NA,NA,1,NA,NA,NA,1,NA,NA,NA,NA,1,1,NA,NA,NA,NA,NA,NA
"Solyc11g008480.1.1",9,7,13,11,28,23,11,15,12,11,8,8,18,15,11,21,34,42,14,19,25,12,13,30,27,28,50,22,24,16,31,40,60,74,43,74,28,28,45,32,41,60,17,7,14,9,15,11,7,10,13,11,20,27,12,15,20,31,43,35,35,28,35
"Solyc11g011920.1.1",53,30,23,46,51,31,55,50,29,75,53,19,83,78,29,125,66,53,125,86,31,11,11,11,22,25,19,26,21,33,65,66,52,87,49,34,220,592,148,97,174,81,11,5,2,19,19,17,10,9,17,24,29,32,21,13,19,37,36,44,30,21,24
"Solyc11g065890.1.1",2,2,2,NA,NA,NA,2,1,2,1,2,1,2,1,1,1,2,NA,2,NA,NA,1,1,2,3,2,2,5,1,NA,4,NA,2,2,1,NA,5,1,5,1,NA,3,1,1,NA,2,NA,NA,2,NA,NA,NA,NA,1,1,NA,NA,1,NA,1,1,1,NA
"Solyc11g067270.1.1",1,10,3,6,4,3,4,14,4,10,6,4,23,2,1,11,2,12,2,3,2,99,89,80,147,49,84,161,82,137,37,17,37,117,41,92,40,58,31,39,38,42,51,5,13,41,31,13,37,17,15,69,63,51,32,21,40,61,58,39,46,31,37
"Solyc11g071620.1.1",142,123,104,102,91,82,116,144,99,145,91,33,338,160,66,109,56,67,147,111,68,118,183,220,148,145,217,214,160,236,165,95,129,264,157,259,148,164,132,165,96,226,80,47,78,39,49,41,34,54,63,31,53,40,60,64,51,59,44,42,83,57,44
"Solyc11g072500.1.1",8,3,4,10,11,9,6,9,9,13,15,3,21,19,10,39,23,36,33,24,13,11,13,15,48,23,31,42,38,30,14,7,15,41,20,59,8,7,11,6,2,22,15,5,1,17,13,5,6,5,8,21,13,15,22,8,16,26,14,15,32,21,18
"Solyc11g072510.1.1",57,46,54,68,65,43,70,72,52,77,72,22,71,77,46,92,68,72,62,56,57,62,53,76,82,58,62,87,62,79,65,41,64,130,73,96,74,71,38,50,59,62,96,42,60,70,57,40,42,52,61,68,63,67,68,52,58,82,68,75,94,73,77
"Solyc11g073110.1.1",2,1,2,4,1,NA,1,2,NA,2,1,NA,3,3,NA,1,2,NA,5,NA,NA,12,14,18,4,4,5,8,3,5,4,1,1,4,4,4,4,NA,NA,NA,2,3,15,3,9,3,2,3,10,5,8,5,NA,1,5,2,2,NA,5,NA,1,2,2
"Solyc12g005220.1.1",3,1,7,3,7,8,4,11,7,2,3,1,11,6,5,11,3,4,8,9,11,3,3,4,2,3,5,6,8,6,4,4,8,16,8,11,7,17,4,4,13,11,7,4,5,3,9,5,2,6,6,2,5,3,7,6,6,6,11,5,7,5,9
"Solyc12g005350.1.1",37,29,30,12,13,11,17,26,25,9,10,10,32,25,14,7,8,3,19,20,12,13,10,19,NA,2,NA,10,5,19,NA,NA,NA,11,1,4,NA,1,1,1,NA,2,21,24,27,7,8,5,13,20,41,3,1,3,21,15,16,10,6,2,14,15,10
"Solyc12g008600.1.1",5,4,1,2,4,3,4,9,2,7,6,4,10,5,3,15,2,3,6,1,3,5,11,11,8,23,11,15,9,12,14,28,17,25,24,15,12,44,14,16,59,31,7,4,4,7,4,1,6,2,4,1,7,2,10,5,7,9,2,5,13,10,2
"Solyc12g009850.1.1",NA,NA,NA,NA,NA,NA,NA,NA,NA,NA,NA,NA,1,NA,NA,NA,NA,NA,1,1,NA,NA,NA,1,NA,NA,NA,NA,NA,NA,NA,NA,NA,NA,NA,NA,NA,NA,NA,NA,NA,NA,NA,NA,NA,1,NA,NA,NA,NA,NA,1,NA,NA,NA,NA,NA,NA,NA,NA,NA,1,NA
"Solyc12g014310.1.1",9,6,6,19,9,4,8,9,11,15,7,2,25,14,15,15,6,10,38,15,10,3,10,5,20,10,5,17,8,15,5,10,9,12,11,12,5,11,8,6,9,9,7,2,3,7,5,5,7,3,3,4,4,6,10,11,8,9,5,5,12,11,19
"Solyc12g019550.1.1",46,108,21,84,66,69,74,102,41,74,54,22,85,39,44,125,64,111,66,59,46,72,64,90,177,184,232,123,131,142,374,312,381,403,285,386,527,471,377,317,438,435,85,24,46,100,54,66,55,45,71,110,85,92,65,50,64,189,202,176,142,84,116
"Solyc12g027760.1.1",5,5,9,NA,4,8,NA,3,10,1,2,2,4,8,6,4,1,14,6,3,7,NA,NA,NA,NA,NA,NA,NA,NA,NA,NA,NA,NA,1,NA,NA,NA,NA,NA,NA,NA,NA,NA,NA,NA,NA,NA,1,NA,1,NA,NA,NA,NA,NA,1,NA,NA,NA,NA,1,NA,NA
"Solyc12g038600.1.1",6,3,5,5,1,3,5,4,6,8,4,1,7,4,2,6,1,3,6,9,4,5,6,3,5,3,4,8,7,4,3,1,3,10,2,5,2,5,3,1,2,NA,5,3,5,7,1,4,2,8,4,6,1,2,7,5,4,7,3,3,3,6,7
"Solyc12g042600.1.1",46,16,20,20,22,17,16,15,14,31,24,10,32,22,12,39,36,48,19,16,7,6,8,7,3,6,7,10,2,3,14,5,9,14,6,12,18,32,31,12,15,12,11,1,2,1,6,4,3,10,6,1,1,4,8,11,11,5,2,11,15,5,3
"Solyc12g045030.1.1",27,42,42,30,37,35,23,39,41,17,44,9,32,41,36,22,34,64,17,32,17,1,2,15,1,2,9,1,NA,7,4,6,7,17,3,7,15,24,33,8,8,13,9,4,10,2,2,5,3,4,9,3,6,3,5,4,3,NA,6,13,5,1,10
"Solyc12g055710.1.1",1,1,1,1,NA,NA,NA,3,NA,4,NA,NA,2,1,NA,NA,NA,NA,NA,NA,NA,5,4,5,3,2,5,8,5,4,1,5,6,2,3,5,2,1,1,2,7,3,5,NA,1,3,1,NA,NA,NA,NA,NA,NA,NA,NA,NA,1,NA,NA,NA,NA,NA,NA
"Solyc12g056770.1.1",54,34,48,42,42,34,33,51,32,42,24,7,56,61,30,55,31,39,47,35,23,37,17,23,22,18,16,34,20,30,12,11,13,31,20,24,14,27,16,10,19,26,51,21,34,35,28,16,17,20,27,13,20,36,38,33,29,26,30,21,43,29,31
"Solyc12g088220.1.1",19,24,16,27,30,9,15,36,16,41,18,8,40,20,9,108,65,92,33,32,24,55,37,33,96,87,71,101,95,64,69,47,74,180,92,146,42,19,23,56,28,38,38,15,11,30,39,15,25,20,16,32,43,35,32,32,29,75,92,54,54,41,41
"Solyc12g089240.1.1",8,3,8,10,11,11,9,11,11,1,3,1,9,13,6,4,1,4,4,2,3,3,3,30,1,NA,7,1,5,11,1,1,4,10,3,13,1,5,2,3,3,4,9,3,30,6,6,14,3,8,50,1,3,20,5,11,25,1,4,6,NA,4,11
